02e46faeb2d2b8a51e331e763a76adc98ab76ea374a5b33523f30fbf6509a5e0	5fbb944a93fbbb007557534752bcf0bd9cae6aa7b18be8fbf4df04526508781e
0355ddc1cf7b290d640f90fb7f76c8f5843cc2f2a3db972e7288d4166b944bb6	4872180eeec1ba02d1b77b72764bed9da375ad4e76f9c64ac6104e5c96c8c066
08642e0b794d321617c414edaaf8340153fff1216606f14d9d78569fe7e7101f	150b6b714443c14a345291a95ca66374b043a4a580a2920f1210754dd7ccbcab
089cd6cd2d234692e3693d2cca5e90ae909091a0bb3e09c1e7f68c527cc54fa1	42fabe10fd9ad14f554b74274c1aff83b6546537aed8ad9ae4ce392588fb8329
090aba2c212d777d13f1df8406ba4b3206e2fa6a57fbe30cbb6af1477c9a8384	1c60ab007651038fe653c9fb16f908bab070d25295ef55ca8a81bd4e3243b5a8
0b4024f3bc63ee7f9b1f47d58357723c6009451bc27ebc5b917255dc7502d573	8a6f5487212bf78d8e26219ea301cddabf55634a56a8941373e58025e158bef2
0b5e736f7af057217655d7d7a7a4bc828b38bd05115bf88c6c89b97cdfdb87cc	c67de5270c51715fe6f6dc363419e624a9040beaba56cc55969491cdc9d0057c
0c2a614ffb0a7056b0805c8e10243f7540872890d4fe7dee1d06e7c2bfb0f911	d8d89d4d3338747244f0131a2f7385a7b7bf6ccf96e214a771826a72679ae005
0c425032593e1bd402249f708c75f5e4f02e025693e2a33e296a3abbab35e62c	e9ef8381a105a6f6cf9a41174c8db1d5a08c0cf4c0dca3a81ce078b357e7a3b7
0d961e00c5b9c6c11deff09e0fe47cb1e4a6693d0191f210aaf9892c1f04ff4e	9432a0e8af5cbbb055fcfb6bf6c04bf5fb8cf7bbb9bed1d0be48c3893e1da37b
0df12b936ed01a09e96cab08db57ef282a9b947cae08fd576e2b7101c15ca18f	4a3a076c78c0438ee09ee115fcafb259d0f78eb6109ff13e8a2295899f4c1780
0f3d3eb26cab8a5ff76467648ac33bb7576116c37da51a44301062973dec3d4f	feaa35bc75d724a5a812c72c42088feb0e2f9156ad0c4156ea76e15ecfc9f089
1103bb082361dda54983608a2438bc8aa7712db5f2dbe409629325cae94bacae	7845418843db2f79b5d26815029e3578830a6c698dac80d1a054d951eb5278e4
14183698581e7f1456dd6980c7e371a7094f5ff68423adacef6637ee3af2a562	430b61b1d0b335a0bc6ba9af4c12b3917a1974077b19c881300b95e5f986a0ad
1713f3b62b05ee4692ffbbda04328ec85bf99f8f2848237836bad57d3d679739	677fd477c418f51500a5792cb5f162ed9eaaee847beb871bc4a56a2875e2b735
17b2db2465b2140acd95a6ae76cd5e976d6e329b7118035d20ca23911f8b0393	b5af9452f6dae0e3629320d19a87f32f6caf734a7515efcb5f9699414aefc9ce
1c80db7ae5f5c8b7ea429aa2de01c42a57d8b60dc03453901c094b0acbab7659	5e187b1b5740ded6affb23c4e6df611b5a9ccb59d99fb8cf703ee31a25a3f68a
1cb597e04d52d7fa5bdead89aae886f9f8f5fab508add816b1663615f59a9163	780d6c454017a316b92ab9e91dfae60976952f564be9d0daad7f84a5e16e017d
1d1c78da47a58e9c1b1056157ab430c384e4c65275fc4bf75a63bc0deb8f9ab1	47f96df526d9e11c4a48d7637162b110f2a20afe15799386626b8bafde80eff0
1ffddcaf57f90b84aa0f9260468a4ac57452ab13ab081a85e2c12affed331a12	1b98d45cdde90f7a6cbe208e8755c9f5e281ca7437c12afcb6a19d6508c939ed
206d4dc95e8b8b567ec3231e69de6c047861c5380db66ff479c20f72fdc4bdd2	4907f936c68f0bf830a51addbeea344e6e33a243dcb417dc62a547eb826f1f5b
2087d3db8af61261e5065d9a56a1a5e7787e06795ddeced25f5d76018f7d5bd5	ca3dc11df76921a1b0598006c2fb869d88c3db426d3fede6e8a122610e62196e
22064ddf3d02def4f8b4d13aabfc2d99d743ad06d392048c8dc721bab4eb0d4a	5ed983f5d5fdad77b99156d7bde6f2088012b5343b068711ad1018571c67ad39
23dba7ede5f073b4deead834ce7bd15de1161cde82354e75ec76e04dabf226ac	bb474cb5adee305779e4a25b161f9392dff6cde77de93113a64c469d7e7838ce
23ffb369dd40b98ee2771fc7e578f54b0d0e09306a974eebcb8e02134033f4f1	4ef2bd5b7d5e3dabedce67104dad1a3714fb1ec32a4835c66528b69e54af5971
247ad6bc088446098eb0a3185381704e341188fdecc8c1c44d27924af1117e65	16db4701b6a46185306cb2584c21e99497fbcd9f6e2119c5e2b414321a3cdf6f
261b630d188ab0bc4edc4c6a5867f7784804062bec822fc024abdff89701e025	37dafa4a75baa0ab64bbcd769a500542ae5ea76d9802c56e3a7a9b979f0e1d05
26db23d458be0874ec32c5f02e0bd3298614082392e7d9604c5a4576c2659578	fd201a824feb9dbd26213e9cdd717dc8d4844415276c0781b9e4bc51e8943bc2
2b2ee07caefe90570e98afe124012726204d8cc442a30d4b76011fd1b8066955	b7cb2b829be9bdd3066b52cce4f37fbfe1551c5c0db9e27919037f1f700b5e7f
2bc8a260e62eccfb23fd18a16200c072af51f761b705389f0daf7655cf32d6d7	25f9ccbd4fac88dbd45d2b2d1b9e47fb6bf78e70866a23915ac49f31eb694456
2c61133376ed0e7ae3fe17e2c0f267b02e48fdfff75435b82b13c4a39caf3b00	8a801339880ba3858a69ab23b82a348d3fc69cb817fcc158ae325be5786b3f03
2c9d2a6aea5b6924101d4e243b29912d9c962a0c4bdb999ecb452e4ef5e3d0f1	652c707b342ba3d78d62df7d756f03b8d4af15e75ec6692640755854c06bb224
2cc934ddaf6cdde002fbe9cb44070dbd1a1931219ddeaea7b34f0aa6dcf0d080	c5f3c7da19c075908145114b0219c4c29dc97686b7ad2fd91a8982c4719dd7a0
2d50cd2c87a94d7bc0702a003f99a0c7030e9a17f843cc3bef46915870cead12	ac86e357914bf531e929de24ee7b7f3f16538eac636b6b548565feb5b8e0ded7
2dc4080a7241a11d59202ee2b07bd556880f29031c93b02f0f0ff9c229ac64b9	1cd5fc5a3f19d363924a8f17e4b10e75755bf161c3aa44d8b5659c33a6e0239f
2f5116fbc16196ec08e3c191ceb6c432042b5f94e81a0e49520bce59853dbe6c	428dee22098a6ca9ce978ca1e1a81ae19758a2dab8de92b3ac3e10858cdba46b
2fdef72c22b83bb7f6f0f06968b8cc3f57b73f0be24c6ce9cfe5a12d9ba9f098	c8f0cada80562b7ec42cedfa28b8c2d238b8174cc2ceabe01d4f36e512e5048e
310c7863c72797d8ccccb2883aacf794c8f984602aa794396131c78b28c12e6f	535b1d471ddb86739f5be72b44bc64b822f4d47110c5cb0f4454faed4eee7391
31f812169c2f257ff57c299ad3f5355d2649872b227b9afa54d64b9ab8db2019	f4cd28cbab47f1f110a9faa9c072c220726af942f767af595e51db0ad10c4a55
3216cdf75c313fdffbe95ce2678d4109b0618b2f37c2b334c2301868f7963b4d	b25f186c40f10c945ebb595d89e4ca468e531ff5c3d3477a0a8c2f00464f0172
32213dd38597ae81f4ce99bd9054fefb1000d957b74e42c2a51de2a4dbb2ed0e	111886b84082cfab8d0145e13f22d816a69e2c412365e48bdde5744aa9f3a1d0
3416252095d49dcceec91d3334ef6cad9e3794f365ea48559736bef812dd23f4	ab8c084603d4bcda6c9c2b28483e3cc5ea1e08afdd648a40a781c56085b483b7
35d76f1fc0574a7c0c5c5b7b1e654a91d85a24a4ac4a911b7913f44f75318f8f	ad699f1202f7be85989149c6ef75eb6d3bdf804bd8f01cf0f1bcf421b93c2a94
39fe7f34a170792b0684fffb1973ba006c6bb69fa13cb2f00af462e6fed2a9ee	82695656793558c5995a761b76e97612cda7699b867ed4cb21375b681f479122
3ab81b84cc86f52fdc54c5cd62147604b401d0474bfd8faac0d7745602d72f8a	1cb1c077b454ca70e46f071f8916c04998f1afa339d958decd8a2ba54979120c
3d5b86baea685745a7b1a1dfd93ea81eab07b8d8753987a2b65e339e754aa259	abaa1f677bc604dfd9167878f8e1988f78a312cda5f16b12aa17e44c40201335
3d7d387f2c5a9f3978f0f8b03fa57c92e9db88fc45aad8ba0213fc29782322f3	e55a7d0d919884156a77e277b8c8e458d71e766c6d2cb12b2c8e3a8fa3a2c95e
3d94634f8f49dd1193e143778c5fa75c7e3daf94d7c5a92fa1bf8da441e79051	e3dc9fa5baedb4de8452d8a4aa687061ceb1303804ff83534a2e6b9be401c6a2
3f12c38aaa6e157ebf3ab6e0562129712f132e6d0d03948b07e8bc789dc28d7f	2c28cea3453400d93f9f52f1f29dd6a9c1e0d5d7f4a859345b1b5cdc913e8000
40b234c684146fc0a13b603bbc7a58dae9f5d3fbb9f18bc054c39eed97be5412	32f822aa215fb480475f1387bdcbd3825d190223dcc892133f6676a6a9d939bf
4137aa5f17647aa5391149e217c280d4516b102f5997e4b434f0a4a495e93fe0	953c6a80f0981aa8dfc7e4b5f6ce1b1d2b50941069ba9dd5ff68c8626565d9a0
43b830ec0b515ed5cd6549540ecde92e551fd7a0a3ac9c9afe481016a70a133d	b7818f39e08a1e5ac738da86728470703a1d826df5acdd670cb04614e38c0932
462617cd07bc5e48f2d39091ce7649be40a78c8085d4a028535bcbb91605654b	1d3087d02090d60503e65e6a2f216fd1a9511c51957c1fbfb4d8184db9dba96e
464c602de761f3062320c9ff616705dfe777f1534d515c137533a5897017146f	2315e93dab4ce8020496af40684ae68d6add0b20a011f68704feaa8df6877a3e
48013294df76b4f1527192a184ab06a8c8a5f45a2c15f92fe4930eb670ca610c	48b7c260aa6c75477b0a7b45d7789dc4874937cc80f58d90ff2ea0bfa8247f01
4ec688656d506bf476029f42551d43c27424fd8bc98bba03da44e8fb7215379e	d82802e09d1f00dcc3677c5a720139a0b90e25258037ec313c931d6228823053
4f2da3d2a83673799285c1d1e4f1b404c61866a947876e88960a208cafa7036c	5d2b0fab2c044c91114fbec833c8c07888d02156ce8321c39650bc08e9aa9721
4f3e54f59521c7443c4bdee5470c2096330d26c590821087d824095d9106670c	e9c6c7711c9ccb59a09be5b8b75a56cc359dff83c51c784d5c4864e30d23fff1
503e42f0a70da5fbb1043a946d96950611bfb9f528b953b4c0aed4741502b813	3615f7d19e9d924a20975341ea566662b309a69827ae706643d47035bed5af62
5392c7e1e3242ae127c872cc449ba85953be29290e539f0e0995bcb8b2e9f1cf	d6f5fac748ff764adeed97ab234777e1fa557c908c4638fcf32c4751a0c1f304
541d85963750e07accb7977c0b7d62e319689f3460861ad309b2ae92756266ad	1ea94e30ab8a15523fe53bf445220e33a854d49dceb4b32c4b69f330a94d92c8
545233f326b012c26dfb368dd2bf024a68190801c30509622cc174bc7777b724	d50a57f8b1db8c2f727deda02ed3fa6f4c1d24132dea27c1293cdd79e58a29d5
54cec94a5f0486e4b929279b821c01f8c5c11bba73cd073a0f1515142339facf	10b17f67c5bb542616f2661e1985d110f8b045428d7090fd0d66a042e6089451
556803766109fc01e7bb206cfd3e4fabc9498e8d694ccfa86d790bef02f62954	20ba9fdd597550be348fd3f24f7fa0c00fa86b80b6004eba822fb38be40413f1
5714e2c35d2f1192bd338f1e07a3de411defe6ca7b53fe10f7842847570eee60	c744759efdbeb81ca1d00f202891ff2e393df43429a0f64c8620b992a79078c3
57b515c4acca4cb1c465374b696cd705d48cb3362446abc0ace41932dcf3334e	40aefefe0c55143feb70d68f7c9877cd4f23770d5ff5381cffb76305b5957dd9
58040c207194cbf385cd785a1366cb66a20db7e5b16dee04adf8b51dd4990ea0	377c6241f9802ef1131e08e1e0625a64374facb15595efff52e67dc75ede9d71
5b8b558268d020f26ef77a16734ecc95944e78ad87f26d170761fc093c46ed01	120bea7971649c1636b88c5f75b91aa456b1a87ecffae514a4eccbedbba8ac35
5c204638a8333c940640e8fa90e50a4044b61974fd2fae2cfef83f535a2cfaff	a4aa99b19d8d781297e9d78c1e03542a3750166235481eacf23b4516ab19cc8b
5d6724e0b30fc4d018703d1e33167c0dffb13865f67ba1f3d54d83d89d4e5c67	5fbcfa2231258d2dff8c8aaafa1d0bd76eea52dcbcf2dbad5a00162bec6273cd
5d950854567ecddc5f935b912cab598503e776e4cdc835a689378a35399c4a39	38db66f89269865a869445626a0ca9c93949a6aa9d14bc821cd343cff7a753d0
5fb3ffda5d54d2c28e12b8250815d178e7c6a78ca31ec95f4217d84363b3ad6a	a19b095e8745e634118643c874b66bac50ec1cb6953303d5c48fe884c63a3819
601ffb381b945abb51391996e826d75f2fc94071a5dd5a9ad371e9334c782e9b	b84bfcdcdbf6cd67d8f5a1d087a9a91aef9c0174a698d2d718628ac8dd2ac154
64d7096cf9ef540488063a1ed3ae8b86ade8d853f174f4f1a95b36c1afe119fa	e93808fe76aa10fe5c4a48875ce296a3269aeb90eada3ff2be50ba94c01d6c36
66e5f99505825fa23e17b2ba8f79531f0e5419c1608127dde35d04afed19e57d	b5085bc2f9b7c46e79b6ab9343851093e1e9a6b2016a2c11511529ac0c45f559
67eb33db9a6f6a96294d4c47124d06bbfb1bc5de3d2d601bef78c43020e715f8	3c9cb8b3722e7f43ca083343fd0341b5aa745a46b934de799ceeb0ba96e0e378
6a97526ce2eb6fa0c49781b426f406a4a531cceb2ad8481586eb719cdb7a9172	c314596dfc533fa50a0e1f04b9d0b92385de55bc18671fa253a3151c00a4ea44
6dda26cf1a329ef2c389181e374e9f4368ff1f7816292b3b1e2595dfc67aa003	a86d5202b0e0acccf895f6895880b9a62a0b2ec566665cf020f7eb5d07ea18d2
6e8874473e0a17273fd1fd71df2cdcca87b6ce6d6664ab6eb7618cb10af01189	90f7227a6d416574b5be90b0796386160e88f141722f92544d96b3786dbb4a26
6ee67bdfa6e42077fa3a2da4483595aca54ca98e117c1153ca98ba269b60b08a	1763bc6989145de7d2504906f42825635e6528917be9aaf304e3fbcb90382988
71f27af55124e28aae72fe9121b0731d5a356b468dc0f214cfac54f37a01f5af	5fff77ba05220f1b25fd3cfcd04a6eb8ec722025b41438f9c35b54aaf4d864f1
723a37251fa027e38de1a67999afe491e2097589de1ea5b033e0d1bdd6868c21	06862cb0fde24355f26f4dc0612887eaac509ef0d92199bd3979ca89cfa768c5
72e45a5813714b82f66087b40fe0471f21ef088e224e355c4046b1f52fcc8732	c681aa2a19f0fe39c7dc13dc4ac6c3280a0cb6166c4ef68f26d4e563ac8fe8ff
75855677a020b6f3b3c47d911c567dddf9d2059ba6e9877b8e103da2f008efc3	630964e53e9be031fe11592cf331808fc96c2b9684985a49d65dbbc48b14332a
7a6e81548aaabd8d13de59385f9c18d4836bc79ae00cf20a01356799cece586d	770527affd7e0796d9727d6a1740e45156ff1cc27f0280000aea5add6d167471
7aa1fbac6e833ae4dcdc33458f4519fb82d53ef3a2942ddab2e428c3749794fc	038ea4dbb6d7932985c39af8fbb439c1861115838ad5fd5b9be6879ee7d33580
7e7fdee77d8c6bcac25a4576eb0241233c145dd4dec71e724958dc558ce41464	e706f386c04e336b6543463e9f1166541fb2980c39b15a2be83a6cf08e5c8129
7eb5a8507a4f61249db3bf4a88ea820f8c458e3013c6e909908f56910bda095d	80819d72055664defeab41d4f314a0325838c807b55af6bff90fc1f4748ff049
7ed9fbc1f1686bab9b0da8688c45c43dcf2b50d4d050e947d205ee5f6450f222	42f7b07c254c35f73bd536c6a41fd35fa125bbe90413a4a7a65d1507eb38f9ac
811e6e46879bfdf4a4f777ac0b649002427750e55ebe5d0704febaeff588a6bc	5d4364e51039880945aaa5aefd881b053b31a01c082ef318656dbae6d81ebb62
83091d2c7896977043f4995aa9c71fbe92cee73a48b01a5cbdbc5eb523a0d7b6	6bc39593d39e6389764888ba365fccb6d13af9f6255d1c3c326782c779de51ab
8687d984958a14f97f5927fd257564cd9024b26cdf1f51a603c0c6e5209c78fb	8114a61ff5dbc3654db649de106c243b4ebc1092864ca18b04ef24a9b0072a3c
882056a67ec59af44427d2f6d4b7634c50518ba2d0cfe4621729afb92a281150	830f7efc4132b171a6771fcc7bbbe6846fc8c9a770850ca80be05bb4a29191c0
89d12cd74cac2b8e032e321ca7c4a3c0b7ea67cded57c706f599b6ff4fcb171e	1d07b7e52fe0393d20a54cc136835b522b6b319d2a15015b0205a5f76b2ebdc3
89f7824ea9077c418967a7598fa793da2bdd7e1fedd8b75fc7540a9429523316	627547248ae22a1dd7fcd21e481ad061d1270f4941569d515311ceca486f7cc8
8a37327d966a5542574782937e3a631840fd784414dd0e4779b39bb24a58d1df	05cee032d60b64f3fd73b5a2aa46952f0809ac6d6b526dbb9badbdad37c5e9fd
8ee25d7a356d8795caa501b16af03637115b96fae114a776d65e67ebd23a284e	fee0a804eea58dbdedbc91a9a6e46b621ab52212279737ec5444e1d79ccffd13
8efdd797ead70d79563af755be8c19912182f0fcb29f59bd2659d4614cf08bd9	9d84ef39a7bcbf95cf23d87cf545105d604e813550b9b3eb43683262efc10d5d
901792901e6c3c62f1fdee942f430e5a6b227261280e01f0b3bdf9daaa5e2912	0fd0835d967381a06f65506604537cb94e1d6d3266e828ecdb9c0827dde2f3b4
912c74380ae028fb370a07de313cb568396574e9574ec3a28e8783b3e562a4eb	24e928b3aa3734bbf2128e3d91c58a24eed5dc1e162f111f1201156d1da6db4a
917e4b54e27b178a203efd3335bd4c7eb6b9f8427533518f17b03c81b5d51fec	a6a101843e7a092eb9a09aa803276aa693be7003c370ed4bad0583313369cadd
91b6a84bb040934312c302659c82d7cde139b81cbfa40136455e2a62248f1e73	7a15c490dd35242732752133fa70e2700522468ac5237366d0ff202aabea07c3
91d974d2002128f5fa05475a848b1941588f09abfa92b56e37e7919cf8a81803	ed0fb3f0ca4564fdb68f22fc41b4d38a75e88746d1e1a7f8b5f7b3e10c77f7ea
9468d7e49756cd74b783d50b1ade6c1b83605bd848e699a1eb7e00b03a58c6cb	d02baed1e170d5a0940a8719f5f3dc35a4617693a7a40fd185d474fe089c5387
94970ce1c5f029de901f13b1dbd8c8c2d3c0a749a7b3b6844154698a4ba6d352	937c13a1a50c5bed491077ba1e27b98f6c9d2b9e5694aa65ddf4de8608a1dd70
97bc6c6926c2ac1984ffe0c7bdaa9b1dea4519672360b87bc521fad495de9e88	3bf0ffb6282af2e5e165e9bda256c6ace63d98e62ccfd7ce5e56448cf0c80479
9814ba7945ed9d8a5eea8cab7e91625b7037b678c955b0680b9667dac18e3914	a86b68379a7f6da600fd3dc98bd0447aea31c5ad186f58e590eced95947bcfbe
98b6057d2cf4028dbc245a776414dbe9177f88c045f299bd2f42e4cf67ef88c9	54a9cf4d7fd3b71ac9a170a8625c82903ccbc71d98698719b67c132c216b01d1
996090f01f8a9c744f6286e114bd6e0a7ed1c99a857e2fa2e8fcdb1d842aba87	c4b05e33ee5b81caacb0e93e4ee91640467fd0796e8c6991d1637583d6781b19
9a8ca7e5bcdeb29180c24f04bdafca08980e070891f93de40bf5e2cbf2d58c8c	6dfc18d38c965927db8ed23bc0d3161685c8136bf8dbd2b8ef85a8907aacc89c
9a95de66ffed827a73f9e0ae2b16144e4761e0a319e4e31be8760d3ecf4654a6	94e3c1a21e414040e38865cfe69f879c05ec72474c37bfdf4b45c2d7595a0946
9e97d75a029df73c208a38b85a1257ab00d4055208af441a27a61f57a9003d13	13673eb513b6cb567ac9f40b791d1a6a56c42e548faa3736110b5f8271814aa7
9eb51f31070332e3ffe26bfca0cf4cfd805af70139bcbc639e0d58b4272ef01f	ab8d8710b2af2114fb00041b888ff42a583fe219d589c684c3f2756e67a8453e
a135db18ea2c859f9ece772e9531894f6b19b73e14482bd820bcd329a0b12015	ee45f0b5001b83fe797c2a41f495f7439408d3530f501197312d6fc7e78f55df
a1865266f3670ddb8f4cb47331c52926d60739c4028740ce6cd333a7aa8aed51	da50de3d3b09c3cbfb4c6724a872c585c6e9650e2b4c7102190ba673f64f0e78
a58c170a922ffe79f80a5063df921a8cce11692133f43575ba145b4f40693566	3e6a4aa3b6b5b2c8ecd9e58b13d90e841a2706157612b893886473f0fee35823
a5e5276cbb96bb6e5b560f98ee415970a27075521d6abaa6dffd050e1a1c0778	6a0743028a34d037e429b428f58ec128acc6c64b24abc286a6b6b6194e68c4e4
a70fb8d9a76d4dd23546e5403e8bc0dd6ce9a2eb7a0a2d714026cf9f7960894d	48321e1f526d3c15bbad8c52c95cfb78570ba32a2e64ecea605d8ceb1ffe66cb
a72a1da3d7b2d2fbffab35297fb8675765429a86b1d18ce68ca4b154de567b55	1f9ea52de61f73be31b1dc1c8ff9f2e87edad229f2f8063f7255f0414384844c
a9bd1449c3e9efd6ff71c479c6539ce2c9a2f97d94ebb67fd87124c8856c4bd2	091f50da9dff2a2e0dd00c7d7a2c77fea8d1965908cacddee98603b6653ec53d
ab2ad69b4ebb8d59a2d9a73bd22531e04b4b4dd7e709f1d44c9f61fb9cc58705	2b0ef7dc48db0bbb3bffa10834e847b7bc9762c2df18ef6f830e03840f00e5af
ac96c4f0a41e763b3f162e9216bba0f3ebeaefd5b8d5ed81ab735556d7f64840	8da128f1dcb59c193cde6f95733f04256a212a2538d88fd287b533bab96c7df9
ad2807dd9bb78b1b8dd91976f35ff40f6f37c8a2238d99b754038053aab6a786	7b7c88c8f3a2b4c20b38324a2f43d1b8a7b078453592e0d76a781038065de7e6
afb2540d3b25837d246f398a83f61640781d3f8b6de78c3795d643de8b346cc9	df9d80478f9c835386f1c98c7be77a1f491646cda48af64c086f78b6f6725a8d
b010868a01e946fb1f60c2f41175368c3ffc2b5bc5b81f59cfc5e717dde9b69c	c8b880e6410268b7ba4190309a82ec710fe75d398652e45a73e0f705d9c7d59e
b03f4e8df95d3535c4cd7d0ad248fad38fa01ce6d64828eeb76e473c0762590d	57b8e4d6cea39419f57f3de8b4932a81fabd91f5bae00ea8a9cd0e5551459b0e
b3122fe05fccad056693613349ac168544eb3366df8bdef355ab44be4230ede4	31e3fdf61b880d56cbcf41572c2d24e2a108987ecde7be71aabff6408ef58d9d
b4d79a2d0aeb79fe08fdbd6aba0aed9b192e30e1bec54d6e65d8426e3bd00c9b	30d9c219e66ea217b86505ab36399180d1413a52e0bfe09bc4aac2e59217a562
b5737af26b293f7de9ee2cb925475a3f500e54b4dce0f9f3c504e21bd089ee16	83cca95606b0b5debf758b23bbf1725a8050c2adb639b864b6c2a00293d537af
b5813ec8add9a2a068d2606bd85abed7166317542e2ee753104de0d240260d09	1afdde8aaf49372689752ac90daf365cb54fe954ffec45d5f531438ff378b8b1
b5bf0d12d2c0b6939fb54ed24435e38758cf95e3aa86a90b5e4dfda3713e5252	5eca4aa2fef20394b9ac18ba24d7eb68b17fafb6fd9e7a42c7afab813c47d0c8
b769dbe4cb440686d10d716c9bb7185c2b6f730f0e80822b40d4cefa1ad70949	770fbc9cff60b90a31d0510ccca10dbd25d70a6f882bd2814104ebea4297f2ff
b8702d26950ff907e379e90c1347d786aa9a51cf25f2d83170050c73acfd3592	22ecaa695dfa5bdf58c1f1401d8e1f3793b09d9066f45a326e3ab0dd7d421a03
b9d9c8026eb8a756e29645afea9a1f19918bec50f3629cf92a7f1c9afe7c32a7	6fbcd8442880478c2cb18c1ebb675749392aeb7fd2f3d3f99dbfb670bb5c84a2
bad566b3008794b10082f04c52733459332b57b80faed9416ad4a1928f8021a0	01587021a656ec64451ff102c73fad32bbde1759db6172b1a1eb21ca52b52767
bb2e9bfec42f78f913a7378b4d4ab08755de8423901bc3fb6a86a4328135cadc	00f57bc77d4ff40864d0e8263b1bfeb524b17c33bd6be96664c19c2b78763f2c
bd144a53045c44e5634c731ffc08fa311b3591d180cc40ccbe99cc2581adf627	4627664ad8c3230d6c0b373f5409b7fba2dcafa3a110329cb733e0baaba39ae3
bf47a1d701e15edb03fbfea12161036aeb940bf53583bbded099831c1601758a	dce1c9327c097de0e131da3ba60db3bc82520646fedc4de6529cea28beb9b4fd
c0b29f4bb2fd41c224d55a319e1961b378a167939e2dff4e6ec6428a2876436c	ae2a538d68c78d0665f597bcb0d1535a3ca2e687151980a4de62ffac07775605
c10971ecec5db6cede3ab7cf953e2dc94cbac38c4eec55ff56914677be25fa27	d573b7dbd7b3e2a84265c10391076453c92a6279777dd43d6fdbffbee7c3a95e
c174cca6f2101f8bddcfa2361e3b29d4e572fdbc7a37f0a82c62fac26fbf415b	c1c0f233b6b8f235c4497a3bf9874a418326312f83e8ea66f4f693bfe3424999
c247c2ad57f4fa7adb5dfe8b04ba7a71ca8ee08b1bf0fbad4691e4fe89ba2ea4	187c2415c24c191563f5050dfcf8924e2dee29a2150c30a7fcc6eb59c4c4535c
c2613ac424a237e066e960cfe8c1d3051e466cb46d5bc7746ded93b4017679ec	411a4989a48ec0c9aa7b2ca3b3867eeb4f3bce4551ab05dc7fecb6f5df9f1b99
c4eeffcf844aa36886e5e95b41aa74b4b67645504ce1ec46323c072d5bcd6bb4	0a54eebcfdfb71098ef0c3f6f6b4d8265f525f54327a964a98661553ab8908b0
c6025eb9b691cf529ecf126e24136a4d6951dd10f6cabc66d636f3224de35f0b	3c1f43ae593ec7ae1efd5bae5e0f9505e13060fa7b5873191bdc7105c92c5fda
c6552df21b946a9cdffecc8e2b6a2df466c54b83d3d14a2c19a43e92291c12cf	27c02a1987eace36e24e9b2bdc1cf408029f4a201beec9556663475fc6a8b0be
c6a3040937baba3b11f9b8fdebb4553faf90f5469f09fdfa81c8ff2cef80fbf1	b0588607e878e5d1a949fef1045f0be4613fcb7caf9451d61b86b1e45da38363
c7ab354a7781b2eaa75ab1f39f083390be1d01ffd9895add28bf696e44dcb0cc	fc34264b1c8e3baa18c65c4c5179e4f9b20b3a0bb25698af852996315d6d003c
c8d78323bfef010613b71cae233b0ab7835ffb4132794e9a0036254891b6a814	09a9806dac1353abc6be2e9efa20773f2b3217c343b3e041cf761372716ecfb7
cb709f78e22e3c3b439ad894fb36e467b53ee4c1325b373c20634643e45bdba9	4850edef0928a558b3527a132973fe9b2d65266a3310cb1e6b5a6161aaa43fbe
ccd1c02d8006b8116557eabd2e81cc4afc8fec7c565731b79eb4895045dadc84	53d4a2b23b731ed956e4907560c2ec5b8c16e1690f60a53274e6c5ab93a27b19
ccd6dd909dd2be63acdc29ec3ca593aad69c0f3288c1f5b57e2b97328a4fa01f	5b506109d99c0d8f0fba115d7373589e3b1e380621883c9127beb124be5a6db7
ccfeb2966c3a48fd7e4d6d83aa27bafa55e388ecd8f6ebfbf96f4d0b08540e8c	f67adc7a85ceb6a455f9bb0a0182529d35a35204522a438549f7923e6c041093
cf7c3c9600fa7c3a18a4505f8670169965c46e824ac207a0dce53f532e8b0eee	4c737bb371dde4b337b8d69e6c11290013ae7db485a9c2464b1e14c584f8cef4
d191368511e6d150467e85ae4d1ab45f3ea8cf068627a72c5834bac033c65862	c6218b2a7f7703fcc7bb28ad1effc02a942f31e14c75f1d54f75af77d4692e25
d1aa9c72b001129a54070e6cfecdeb5be3169090b2919c26e1e2db7ca832fbba	64a063cdbd457b1101a696bb5db110b9c8eea3903d33b03ad44ca284c89d5bdd
d4a360dbba15ccb2ae70cb7475fae5ca599983c3b2ed5d135133e5e77d40c0d4	97e3d4d217737cda470a43d0c36e8e69341ac4b114e66509df826abbc470feab
d5da5fc507d6a6de013746bbb22721bf3b911ea0ac6c647086b860b680f5f5b5	a5c0985271aaa72e0b27bc83ca2199db8cb4fda269367bb8a9f3bf3362b6e20c
d6bb8d60f3d0e1575f46eb05a07cb987bbe544b61d3bcafe5859917ea5ada5d5	061ed3da7e9de909773fc9c070a5a7987a28a192586a2bcf642e5f95a642e392
d9eeccac0a8b5b89e3d3f5b061c0f63817c053613b8f3042f07abfcdb3048e08	767cf3e83a766f3e57f18687015bda6090a19e9dc1f4c906fbf38e7e592cc4fa
da013139207a387acd06adb74f968e9263815659ba7763f16fa4b1f7890e765c	269e3021e6a33409403c6957610f43c15b65a4fc4e0f042debad5cfe8644fb7e
daa9bbc0c55bf32a0102cd2d164af6bbd8ae3a0fe8d6bf2a76bf2f82cb262754	37b1094960f432c6dcbc80ae6aea4265247a33be6e93988b2ce081624ac6e5a0
db79ed1b6b3ae3b030f7e09eaa271088f31bfdc3dbef97520933b903bf97b704	e8bf2d161ce5b58cff838276cc05fc7e8ca175eb936cbc8e6f2cee3275ec0816
dbaa5a7bd9aff71c8c82065d04b02fc3e5be5f72812950f746d4f9a207d80795	c6823b8ee3f464f3413297b8461b16d40a24e300a972a93bb3bbd8dfa925b30b
dbc4e714e8878652b09025da758518df134775071662ce3ef8a87b529bc32426	3fe0dd35a42889c4d13d3fe22665f1e150b9d03bf1c57f0b7bf99aa49f37783b
dc5e71f702e7815b5c343700c2d0f229a2f89ed12048bd14b1dbacb60ba60e4c	5095ceaf3ae53ab82676e4c9e1dfd2de1885f6d1da9a25a814058fc51130b2cb
dca61b0a6933d8d241b9bdc53b84719c42f1f7ad97a4368a4a5169f422c97853	9f08976df69d70768af8bf6c7548eb93e68aa199ff3abe431e54d8e32bbbd68a
dd75ea735f5c8eeef6461b1b2f6ab077ff179d1655b238b118a10f79caef6db5	0c9364e68c03299abad8096edb1df4a40c303f17c25b05c1dcf4ee42c0664552
e197e8bc03e5f2278712b85df3a4071f2c0572fbd9a3e7dd7f1bae4baba8f95c	daab73cdf435f9488067e247beb32309b3e630382e39495f46971b8325e837d6
e1e30ac2f96d86219f464208c98a1d59345d14a5c0d6b9f90b25763997817754	25f25b5cc14fddf0c92266f281affb403210d5a6e19d0dee5fa485ecdd8c1120
e6c10bb510aa8cc0dcbb802443a804449063a73b33faa0f514eb924181539c47	5ef9d00670bc27f2767770200528e406e51a41f99e40b0668deeb7bc0c0a3ebb
e966d6f8916b50dbd7259474f27f9924caebdfa30e3e856a17dc57a00b8dea93	4c8011197622e60d92d2c1da9d644f8011bcb116b07cd8e3b37d446b08984524
ebbcad79a6df523c26a027dc790a6d54a7d1515ae560ad161473c001db9fe606	cb6d100de73c2a250a6729950afe83185e6a434f278c51baa85ec032aaf2899f
ebc5432193ad85d2ee1b94890651ba2aeb1cae77600656db32237277e14b1902	d854d1a287f2b48d62b6c3a2c95befc5bec0c4c358424e26d8c1885063422763
ec0242545cac5339f93a4591875fd615c38efccb247cb96f5eff0ad12f9a6d93	aac5768eba3ee65c9bedac90c4d37be12fd77c43eb687c20055a1dca703647b4
ecd9b35a481e510e0c335cd7f7c485057163321d5e9bf1df188b03fbfdd04fbd	4e9960ffacf21ab5cab0bb1ed3a0f09d8e5a4313dc9e1aa2fea512eebf45fa41
f11bc0f3fa3e93283185ad9d743f14423a2339253165c2ffa26c06ac5e276931	3ed5bdc906b13ea1c728ef3cfafef3158cba69e096d5e29550041ff709ffa5f1
f35d0440933e84f715cd66473552fa4cec947da5e95101418782b14353673867	c5f7547a1bcc2bec37acf1daac429afc12a3fd079f2626aa722559a0ef02ac58
f4158a4ec0f3993d6b880009ad5843347330da55e927e48156816179b169bf03	2fa0ece5665d3a5764a2ae4fb45036181468e02fb4068c9022f23abef77e0e89
f47c64de9543fd7222ffe2f57d7957921615229b99d929c0ce63810cebefc2e6	7a08e39336ede29b12436102f7db149e0218fa99bbaa5ba1f9634963c05fe364
f5f106c878cd6d197faac7e334cb9aebba1d62992cc06fffde86cf40f03d98ae	d69ed899777a5c044a061f852a5a8a2751829419aa1e8455fbc5f155bf8c8035
f67477778fccbc09ce4331584b601cc65b4e522dff2444740ffe097166b16d8d	8b22dbbd937b6f9d50097b7a07308d6dbcad996b724ac8540a515774e7e64c1a
f871e497e9dad61b4270691563af92044b00f846cf8ec076592c4d975130f82f	1cd02a759f9907ad1fa7264526579b7eb70e12becfe07ce4f6941332e200e409
fae3a22373245d4f7d84e485b19d11f04bcf2765742ae19220cb72fb72701f23	d3ec9a7935c5f569c5d8d91b374130d075c74ce16b149fa1c12b8dc66d7b9dfd
fb76bee9afd10fb8c6b4f41580b5c5e05d351fabc9098a50a0277f26a420afce	c0e241bc13a2f8e1f8e37467b675510be4a2c76d32d422e1699c1ac3135801d2
fc7f6b4aa9d12633c8229831d5fe75aa9b924ac8e43a5749fc5a078bafecd7b4	ff0869c398a315b4540b7478a3ba89d6585b142e97d10b37419ab1d3a500ff73
fd036754951c893b4c5d8e033ddd562f7d6290d5c177a84d8e2b2df7e7715022	da6e76763788bbb20dc0a72e2bc8bac8b5b620aeedf2632d604274632517c57b
